"node_id","component","org_id","org_name","prescribing_rate_recent","retail_accessibility_score","imd_score_weighted","months_zero","trend_slope"
0,1,"00L","NHS NORTHUMBERLAND",18.9856128735994,0.293577981651376,21.9629333643759,0,0.0372
0,1,"00N","NHS SOUTH TYNESIDE",19.1843472386629,0.25,31.0614520550711,0,0.0939
0,1,"00T","NHS BOLTON",21.7668089443079,0.316666666666667,31.4103458196976,0,0.0574
0,1,"01T","NHS SOUTH SEFTON",12.319649389505,0.315789473684211,29.4774682900314,0,-0.1946
0,1,"01V","NHS SOUTHPORT AND FORMBY",12.2964846462515,0.260869565217391,19.110001670858,3,-0.2571
0,1,"01W","NHS STOCKPORT",18.6010217711902,0.247058823529412,18.4042314134681,0,0.0453
0,1,"02H","NHS WIGAN BOROUGH",22.3109150562682,0.234042553191489,25.2055198165346,0,-0.0087
0,1,"02P","NHS BARNSLEY",23.4695400425404,0.258064516129032,30.0571934688048,0,0.0588
0,1,"02Q","NHS BASSETLAW",20.6532652117184,0.314285714285714,22.5404484143851,0,0.0146
0,1,"03K","NHS NORTH LINCOLNSHIRE",22.6806072260526,0.216666666666667,23.4729548049505,0,0.0122
0,1,"03N","NHS SHEFFIELD",21.8801124685452,0.29746835443038,27.5737567407234,0,0.3646
0,1,"07H","NHS WEST ESSEX",10.7649126239092,0.323943661971831,15.1277489196841,0,-0.0522
0,1,"11J","NHS DORSET",16.463759390394,0.298850574712644,16.9053108309625,0,-0.0626
0,1,"13T","NHS NEWCASTLE GATESHEAD",16.7622879942946,0.308270676691729,28.5571915534458,0,0.0378
0,1,"16C","NHS TEES VALLEY",18.257147410955,0.257777777777778,31.3714827977008,0,0.0317
0,1,"70F","NHS WEST SUSSEX",16.4456859292841,0.308550185873606,14.8000030152093,0,0.0076
0,1,"91Q","NHS KENT AND MEDWAY",9.8765425575639,0.341004184100418,21.2499403238599,0,0.0473
0,1,"92G","NHS BATH AND NORTH EAST SOMERSET, SWINDON AND WILTSHIRE",19.9762581488035,0.280936454849498,14.2805709975075,0,0.0281
0,1,"97R","NHS EAST SUSSEX",13.3271400326283,0.366666666666667,21.2299366759406,0,0.0174
0,1,"99C","NHS NORTH TYNESIDE",21.8725360033508,0.288461538461538,20.9320630747891,0,0.0828
0,1,"B2M3M","NHS COVENTRY AND WARWICKSHIRE",17.9273505906807,0.292035398230089,19.9748065161222,0,0.006
0,1,"U2G6B","NHS THAMES VALLEY ICB - U2G6B",11.6423541600871,0.300970873786408,14.3149088414316,0,9e-04
1,1,"00P","NHS SUNDERLAND",15.4184206449276,0.328767123287671,32.7597927549079,0,0.0633
1,1,"00T","NHS BOLTON",21.7668089443079,0.316666666666667,31.4103458196976,0,0.0574
1,1,"01D","NHS HEYWOOD, MIDDLETON AND ROCHDALE",19.4337827495507,0.274509803921569,34.3312866666667,0,0.0977
1,1,"01G","NHS SALFORD",12.1988102674937,0.3125,32.3448280255462,0,0.0087
1,1,"01T","NHS SOUTH SEFTON",12.319649389505,0.315789473684211,29.4774682900314,0,-0.1946
1,1,"01Y","NHS TAMESIDE AND GLOSSOP",19.3813154757582,0.4,29.8355771157101,0,0.0715
1,1,"03N","NHS SHEFFIELD",21.8801124685452,0.29746835443038,27.5737567407234,0,0.3646
1,1,"13T","NHS NEWCASTLE GATESHEAD",16.7622879942946,0.308270676691729,28.5571915534458,0,0.0378
1,1,"15E","NHS BIRMINGHAM AND SOLIHULL",25.933187007194,0.307420494699647,34.7696358417061,0,0.0635
1,1,"16C","NHS TEES VALLEY",18.257147410955,0.257777777777778,31.3714827977008,0,0.0317
1,1,"93C","NHS NORTH CENTRAL LONDON",5.66402081842528,0.340175953079179,25.7540228515945,0,0.0166
1,1,"99A","NHS LIVERPOOL",6.25246231123018,0.345864661654135,37.1101154000512,0,-0.1877
2,1,"00Q","NHS BLACKBURN WITH DARWEN",0,0.28125,36.898780584381,46,-0.0012
2,1,"01A","NHS EAST LANCASHIRE",0.224828795920502,0.34020618556701,31.1816665173268,3,0.0023
2,1,"01J","NHS KNOWSLEY",7.72844076057247,0.258064516129032,36.1569494675603,2,-0.264
2,1,"01X","NHS ST HELENS",0.10527878190326,0.26,28.9534223723529,7,-7e-04
2,1,"02T","NHS CALDERDALE",0.716789721929508,0.288888888888889,27.5822754406241,0,-0.377
2,1,"03L","NHS ROTHERHAM",0.0472482880798115,0.223684210526316,29.8360303578152,45,0.0019
2,1,"03R","NHS WAKEFIELD",0.0070469979516889,0.306818181818182,27.246671091776,28,-0.0037
2,1,"10R","NHS PORTSMOUTH",0.244603329606569,0.276923076923077,26.3780118976401,2,-0.2632
2,1,"12F","NHS WIRRAL",6.8272756189442,0.280898876404494,27.4729491531732,0,-0.1831
2,1,"36J","NHS BRADFORD DISTRICT AND CRAVEN",0.171873519967847,0.271929824561404,34.6822135371273,1,-0.0016
2,1,"99A","NHS LIVERPOOL",6.25246231123018,0.345864661654135,37.1101154000512,0,-0.1877
3,2,"00R","NHS BLACKPOOL",0.0243784387513016,0.192307692307692,43.4668617629617,60,5e-04
3,2,"04C","NHS LEICESTER CITY",0.813386829575592,0.183098591549296,34.448560845112,0,-0.1895
4,1,"00V","NHS BURY",7.01276067026128,0.245283018867925,24.0077683899481,0,0.0682
4,1,"01F","NHS HALTON",7.26699159080307,0.214285714285714,31.1171756015131,1,-0.2025
4,1,"01H","NHS NORTH CUMBRIA",4.24875816763833,0.239669421487603,22.5790808693306,1,0.0623
4,1,"01V","NHS SOUTHPORT AND FORMBY",12.2964846462515,0.260869565217391,19.110001670858,3,-0.2571
4,1,"01X","NHS ST HELENS",0.10527878190326,0.26,28.9534223723529,7,-7e-04
4,1,"02E","NHS WARRINGTON",6.22424603847562,0.231884057971014,16.8350077432636,1,-0.1318
4,1,"02G","NHS WEST LANCASHIRE",0.303745717552462,0.272727272727273,18.2646451742627,5,-0.0029
4,1,"02M","NHS FYLDE AND WYRE",0.0663116419814234,0.246376811594203,18.5538770861311,13,2e-04
4,1,"02T","NHS CALDERDALE",0.716789721929508,0.288888888888889,27.5822754406241,0,-0.377
4,1,"03H","NHS NORTH EAST LINCOLNSHIRE",15.3039589258376,0.218181818181818,30.2133687343497,0,0.0432
4,1,"03L","NHS ROTHERHAM",0.0472482880798115,0.223684210526316,29.8360303578152,45,0.0019
4,1,"03R","NHS WAKEFIELD",0.0070469979516889,0.306818181818182,27.246671091776,28,-0.0037
4,1,"05D","NHS EAST STAFFORDSHIRE",3.22799518849578,0.282051282051282,18.2605559224737,0,-0.0207
4,1,"05Q","NHS SOUTH EAST STAFFORDSHIRE AND SEISDON PENINSULA",2.29743783094084,0.228571428571429,15.3268855657989,0,-0.0095
4,1,"05W","NHS STOKE ON TRENT",5.39797398900038,0.197368421052631,32.9241019294332,0,0.0421
4,1,"06H","NHS CAMBRIDGESHIRE AND PETERBOROUGH",0.72704513901537,0.272357723577236,16.6138168325685,0,-0.0103
4,1,"06L","NHS IPSWICH AND EAST SUFFOLK",3.01184688219554,0.224806201550388,18.3183371557033,0,-0.0025
4,1,"06T","NHS NORTH EAST ESSEX",1.55725919449905,0.31858407079646,23.7883215998937,0,-0.0053
4,1,"09D","NHS BRIGHTON AND HOVE",6.61188849375789,0.227848101265823,20.2659209828645,0,0.0036
4,1,"10R","NHS PORTSMOUTH",0.244603329606569,0.276923076923077,26.3780118976401,2,-0.2632
4,1,"11N","NHS CORNWALL AND THE ISLES OF SCILLY",0.0582139713846391,0.254901960784314,22.2831411650482,6,-0.0042
4,1,"11X","NHS SOMERSET",0.408176913086335,0.283422459893048,19.1369823130148,0,-0.0105
4,1,"12F","NHS WIRRAL",6.8272756189442,0.280898876404494,27.4729491531732,0,-0.1831
4,1,"15C","NHS BRISTOL, NORTH SOMERSET AND SOUTH GLOUCESTERSHIRE",3.05418528722853,0.261324041811847,17.7063809394346,0,0.0048
4,1,"15F","NHS LEEDS",0.12637183573665,0.293269230769231,24.1146332599092,0,-0.3788
4,1,"15M","NHS DERBY AND DERBYSHIRE",0.333826241394329,0.217821782178218,21.5526011901694,0,-0.0115
4,1,"15N","NHS DEVON",2.49597128534974,0.220253164556962,20.1413607100553,0,-0.0051
4,1,"18C","NHS HEREFORDSHIRE AND WORCESTERSHIRE",0.105917781049383,0.286363636363636,17.6543293868943,1,-9e-04
4,1,"42D","NHS NORTH YORKSHIRE",7.71313372074475,0.237762237762238,16.8027049648685,0,0.0199
4,1,"52R","NHS NOTTINGHAM AND NOTTINGHAMSHIRE",0.0490375115138681,0.208053691275168,22.9026327035289,0,-0.0012
4,1,"71E","NHS LINCOLNSHIRE",9.39929657968795,0.2,22.2393638202056,0,-0.2218
4,1,"72Q","NHS SOUTH EAST LONDON",3.4366692895551,0.304444444444444,20.6062488181429,0,0.0024
4,1,"78H","NHS NORTHAMPTONSHIRE",0.0253279593385111,0.257425742574257,17.482729003286,19,-0.0042
4,1,"99E","NHS BASILDON AND BRENTWOOD",2.64435897698686,0.242857142857143,19.2114817364122,0,0.0027
4,1,"99G","NHS SOUTHEND",0.251884162241855,0.272727272727273,24.0272945644723,0,4e-04
4,1,"A3A8R","NHS NORTH EAST LONDON",4.09037540771445,0.269230769230769,26.3340257298936,0,0.027
4,1,"M1J4Y","NHS BEDFORDSHIRE, LUTON AND MILTON KEYNES",0.36647693699799,0.261904761904762,19.5373989610185,0,-0.0638
4,1,"M2L0M","NHS SHROPSHIRE, TELFORD AND WREKIN",0.042481854975778,0.24025974025974,20.0993157495271,26,2e-04
4,1,"X2C4Y","NHS KIRKLEES",0.179398695141943,0.18,25.8047479134022,1,-0.0017
5,1,"00X","NHS CHORLEY AND SOUTH RIBBLE",0.0063895075642261,0.3,16.7873155424797,49,6e-04
5,1,"01E","NHS GREATER PRESTON",0.182423406128572,0.324675324675325,23.5382847569608,36,0.0044
5,1,"01H","NHS NORTH CUMBRIA",4.24875816763833,0.239669421487603,22.5790808693306,1,0.0623
5,1,"01K","NHS MORECAMBE BAY",0.0448305158081428,0.317073170731707,20.0951115765837,17,-0.001
5,1,"02E","NHS WARRINGTON",6.22424603847562,0.231884057971014,16.8350077432636,1,-0.1318
5,1,"02G","NHS WEST LANCASHIRE",0.303745717552462,0.272727272727273,18.2646451742627,5,-0.0029
5,1,"02M","NHS FYLDE AND WYRE",0.0663116419814234,0.246376811594203,18.5538770861311,13,2e-04
5,1,"02T","NHS CALDERDALE",0.716789721929508,0.288888888888889,27.5822754406241,0,-0.377
5,1,"03R","NHS WAKEFIELD",0.0070469979516889,0.306818181818182,27.246671091776,28,-0.0037
5,1,"03W","NHS EAST LEICESTERSHIRE AND RUTLAND",0.299300238776314,0.288659793814433,11.2109872813809,0,-0.3774
5,1,"04Y","NHS CANNOCK CHASE",3.76579500338188,0.361111111111111,18.7326474180245,0,0.0317
5,1,"05D","NHS EAST STAFFORDSHIRE",3.22799518849578,0.282051282051282,18.2605559224737,0,-0.0207
5,1,"05G","NHS NORTH STAFFORDSHIRE",2.94708935837101,0.321428571428571,17.4404228211837,0,-0.0147
5,1,"05Q","NHS SOUTH EAST STAFFORDSHIRE AND SEISDON PENINSULA",2.29743783094084,0.228571428571429,15.3268855657989,0,-0.0095
5,1,"06H","NHS CAMBRIDGESHIRE AND PETERBOROUGH",0.72704513901537,0.272357723577236,16.6138168325685,0,-0.0103
5,1,"06L","NHS IPSWICH AND EAST SUFFOLK",3.01184688219554,0.224806201550388,18.3183371557033,0,-0.0025
5,1,"06N","NHS HERTS VALLEYS",0.146093422581952,0.304347826086956,12.3539212879205,0,-0.0033
5,1,"06Q","NHS MID ESSEX",0.0885495165544315,0.28448275862069,14.9501686568589,32,3e-04
5,1,"06T","NHS NORTH EAST ESSEX",1.55725919449905,0.31858407079646,23.7883215998937,0,-0.0053
5,1,"07G","NHS THURROCK",6.78921691279433,0.35,21.0316495689753,0,-0.073
5,1,"07H","NHS WEST ESSEX",10.7649126239092,0.323943661971831,15.1277489196841,0,-0.0522
5,1,"10R","NHS PORTSMOUTH",0.244603329606569,0.276923076923077,26.3780118976401,2,-0.2632
5,1,"11M","NHS GLOUCESTERSHIRE",0.130340578017505,0.271356783919598,15.1461372723568,0,-0.0023
5,1,"11N","NHS CORNWALL AND THE ISLES OF SCILLY",0.0582139713846391,0.254901960784314,22.2831411650482,6,-0.0042
5,1,"11X","NHS SOMERSET",0.408176913086335,0.283422459893048,19.1369823130148,0,-0.0105
5,1,"15A","NHS BERKSHIRE WEST",0.108010541868168,0.316901408450704,11.8618921316133,2,-0.0014
5,1,"15C","NHS BRISTOL, NORTH SOMERSET AND SOUTH GLOUCESTERSHIRE",3.05418528722853,0.261324041811847,17.7063809394346,0,0.0048
5,1,"15F","NHS LEEDS",0.12637183573665,0.293269230769231,24.1146332599092,0,-0.3788
5,1,"18C","NHS HEREFORDSHIRE AND WORCESTERSHIRE",0.105917781049383,0.286363636363636,17.6543293868943,1,-9e-04
5,1,"26A","NHS NORFOLK AND WAVENEY",0.052054834297366,0.324909747292419,21.7352022178578,6,-0.0085
5,1,"27D","NHS CHESHIRE",4.85724933402371,0.300395256916996,15.848573705143,0,-0.1199
5,1,"36L","NHS SOUTH WEST LONDON",3.70476194826485,0.327077747989276,15.6041523594744,0,0.0143
5,1,"42D","NHS NORTH YORKSHIRE",7.71313372074475,0.237762237762238,16.8027049648685,0,0.0199
5,1,"72Q","NHS SOUTH EAST LONDON",3.4366692895551,0.304444444444444,20.6062488181429,0,0.0024
5,1,"78H","NHS NORTHAMPTONSHIRE",0.0253279593385111,0.257425742574257,17.482729003286,19,-0.0042
5,1,"99E","NHS BASILDON AND BRENTWOOD",2.64435897698686,0.242857142857143,19.2114817364122,0,0.0027
5,1,"99G","NHS SOUTHEND",0.251884162241855,0.272727272727273,24.0272945644723,0,4e-04
5,1,"A3A8R","NHS NORTH EAST LONDON",4.09037540771445,0.269230769230769,26.3340257298936,0,0.027
5,1,"D9Y0V","NHS HAMPSHIRE, SOUTHAMPTON AND ISLE OF WIGHT",1.95954317905634,0.290441176470588,15.4842601311356,0,-0.3024
5,1,"M1J4Y","NHS BEDFORDSHIRE, LUTON AND MILTON KEYNES",0.36647693699799,0.261904761904762,19.5373989610185,0,-0.0638
5,1,"M2L0M","NHS SHROPSHIRE, TELFORD AND WREKIN",0.042481854975778,0.24025974025974,20.0993157495271,26,2e-04
5,1,"U2G6B","NHS THAMES VALLEY ICB - U2G6B",11.6423541600871,0.300970873786408,14.3149088414316,0,9e-04
5,1,"W2U3Z","NHS NORTH WEST LONDON",7.6846280838465,0.331275720164609,23.6354660668215,0,0.0074
6,1,"00Y","NHS OLDHAM",20.5120740074281,0.404761904761905,36.8299382154406,0,0.0793
6,1,"01Y","NHS TAMESIDE AND GLOSSOP",19.3813154757582,0.4,29.8355771157101,0,0.0715
7,1,"02A","NHS TRAFFORD",0.298747855148511,0.424242424242424,14.9716055626217,13,0.0055
7,1,"04Y","NHS CANNOCK CHASE",3.76579500338188,0.361111111111111,18.7326474180245,0,0.0317
7,1,"06K","NHS EAST AND NORTH HERTFORDSHIRE",0.548146691011083,0.394160583941606,13.862517936236,0,-0.007
7,1,"07K","NHS WEST SUFFOLK",3.88111487341103,0.380281690140845,16.1901725849223,0,0.0241
7,1,"92A","NHS SURREY HEARTLANDS",9.91344917156258,0.409375,10.1321842597827,0,0.0161
7,1,"99F","NHS CASTLE POINT AND ROCHFORD",0.293896616045954,0.414634146341463,14.576085617561,10,0.0034
8,1,"00N","NHS SOUTH TYNESIDE",19.1843472386629,0.25,31.0614520550711,0,0.0939
8,1,"01D","NHS HEYWOOD, MIDDLETON AND ROCHDALE",19.4337827495507,0.274509803921569,34.3312866666667,0,0.0977
8,1,"01F","NHS HALTON",7.26699159080307,0.214285714285714,31.1171756015131,1,-0.2025
8,1,"02H","NHS WIGAN BOROUGH",22.3109150562682,0.234042553191489,25.2055198165346,0,-0.0087
8,1,"02P","NHS BARNSLEY",23.4695400425404,0.258064516129032,30.0571934688048,0,0.0588
8,1,"02X","NHS DONCASTER",19.4307841574777,0.228260869565217,30.5228986345686,0,0.0578
8,1,"03F","NHS HULL",19.2987968862759,0.211111111111111,37.2060663436022,0,0.0512
8,1,"03H","NHS NORTH EAST LINCOLNSHIRE",15.3039589258376,0.218181818181818,30.2133687343497,0,0.0432
8,1,"03K","NHS NORTH LINCOLNSHIRE",22.6806072260526,0.216666666666667,23.4729548049505,0,0.0122
8,1,"03N","NHS SHEFFIELD",21.8801124685452,0.29746835443038,27.5737567407234,0,0.3646
8,1,"14L","NHS MANCHESTER",20.7060999557786,0.236842105263158,38.6772287650544,0,0.0495
8,1,"16C","NHS TEES VALLEY",18.257147410955,0.257777777777778,31.3714827977008,0,0.0317
8,1,"84H","NHS COUNTY DURHAM",16.296482711657,0.195402298850575,28.8080963418886,0,0.0438
8,1,"D2P2L","NHS BLACK COUNTRY",27.2250154638735,0.267924528301887,30.2135272458175,0,0.0534
9,1,"01W","NHS STOCKPORT",18.6010217711902,0.247058823529412,18.4042314134681,0,0.0453
9,1,"02H","NHS WIGAN BOROUGH",22.3109150562682,0.234042553191489,25.2055198165346,0,-0.0087
9,1,"02Y","NHS EAST RIDING OF YORKSHIRE",28.16092323695,0.237113402061856,16.2282707800462,0,0.0959
9,1,"03K","NHS NORTH LINCOLNSHIRE",22.6806072260526,0.216666666666667,23.4729548049505,0,0.0122
9,1,"03Q","NHS VALE OF YORK",26.0370614741284,0.25,12.4071568444953,0,0.0932
9,1,"92G","NHS BATH AND NORTH EAST SOMERSET, SWINDON AND WILTSHIRE",19.9762581488035,0.280936454849498,14.2805709975075,0,0.0281
9,1,"99C","NHS NORTH TYNESIDE",21.8725360033508,0.288461538461538,20.9320630747891,0,0.0828
10,1,"02E","NHS WARRINGTON",6.22424603847562,0.231884057971014,16.8350077432636,1,-0.1318
10,1,"02M","NHS FYLDE AND WYRE",0.0663116419814234,0.246376811594203,18.5538770861311,13,2e-04
10,1,"04V","NHS WEST LEICESTERSHIRE",0.0246841128740159,0.194690265486726,13.8684341157636,11,-0.3651
10,1,"05Q","NHS SOUTH EAST STAFFORDSHIRE AND SEISDON PENINSULA",2.29743783094084,0.228571428571429,15.3268855657989,0,-0.0095
10,1,"05V","NHS STAFFORD AND SURROUNDS",2.95164375692471,0.170212765957447,13.8747231786748,0,6e-04
10,1,"06H","NHS CAMBRIDGESHIRE AND PETERBOROUGH",0.72704513901537,0.272357723577236,16.6138168325685,0,-0.0103
10,1,"06L","NHS IPSWICH AND EAST SUFFOLK",3.01184688219554,0.224806201550388,18.3183371557033,0,-0.0025
10,1,"09D","NHS BRIGHTON AND HOVE",6.61188849375789,0.227848101265823,20.2659209828645,0,0.0036
10,1,"11M","NHS GLOUCESTERSHIRE",0.130340578017505,0.271356783919598,15.1461372723568,0,-0.0023
10,1,"15C","NHS BRISTOL, NORTH SOMERSET AND SOUTH GLOUCESTERSHIRE",3.05418528722853,0.261324041811847,17.7063809394346,0,0.0048
10,1,"15M","NHS DERBY AND DERBYSHIRE",0.333826241394329,0.217821782178218,21.5526011901694,0,-0.0115
10,1,"15N","NHS DEVON",2.49597128534974,0.220253164556962,20.1413607100553,0,-0.0051
10,1,"42D","NHS NORTH YORKSHIRE",7.71313372074475,0.237762237762238,16.8027049648685,0,0.0199
10,1,"52R","NHS NOTTINGHAM AND NOTTINGHAMSHIRE",0.0490375115138681,0.208053691275168,22.9026327035289,0,-0.0012
10,1,"78H","NHS NORTHAMPTONSHIRE",0.0253279593385111,0.257425742574257,17.482729003286,19,-0.0042
10,1,"99E","NHS BASILDON AND BRENTWOOD",2.64435897698686,0.242857142857143,19.2114817364122,0,0.0027
10,1,"M1J4Y","NHS BEDFORDSHIRE, LUTON AND MILTON KEYNES",0.36647693699799,0.261904761904762,19.5373989610185,0,-0.0638
10,1,"M2L0M","NHS SHROPSHIRE, TELFORD AND WREKIN",0.042481854975778,0.24025974025974,20.0993157495271,26,2e-04
11,1,"07H","NHS WEST ESSEX",10.7649126239092,0.323943661971831,15.1277489196841,0,-0.0522
11,1,"10Q","NHS OXFORDSHIRE",13.8956506259734,0.333333333333333,11.2204683228883,0,-0.0103
11,1,"11J","NHS DORSET",16.463759390394,0.298850574712644,16.9053108309625,0,-0.0626
11,1,"14Y","NHS BUCKINGHAMSHIRE",12.8915525515439,0.315789473684211,11.9013300992228,0,0.0308
11,1,"27D","NHS CHESHIRE",4.85724933402371,0.300395256916996,15.848573705143,0,-0.1199
11,1,"36L","NHS SOUTH WEST LONDON",3.70476194826485,0.327077747989276,15.6041523594744,0,0.0143
11,1,"70F","NHS WEST SUSSEX",16.4456859292841,0.308550185873606,14.8000030152093,0,0.0076
11,1,"91Q","NHS KENT AND MEDWAY",9.8765425575639,0.341004184100418,21.2499403238599,0,0.0473
11,1,"92A","NHS SURREY HEARTLANDS",9.91344917156258,0.409375,10.1321842597827,0,0.0161
11,1,"92G","NHS BATH AND NORTH EAST SOMERSET, SWINDON AND WILTSHIRE",19.9762581488035,0.280936454849498,14.2805709975075,0,0.0281
11,1,"97R","NHS EAST SUSSEX",13.3271400326283,0.366666666666667,21.2299366759406,0,0.0174
11,1,"B2M3M","NHS COVENTRY AND WARWICKSHIRE",17.9273505906807,0.292035398230089,19.9748065161222,0,0.006
11,1,"U2G6B","NHS THAMES VALLEY ICB - U2G6B",11.6423541600871,0.300970873786408,14.3149088414316,0,9e-04
