org_id,org_name,prescribing_rate_mean,prescribing_rate_median,prescribing_rate_max,months_zero,imd_score_mean,income_score_mean,health_score_mean,education_score_mean,retail_accessibility_score,total_stores,quality_stores,regular_stores,budget_stores,n_lsoas,quadrant,imd_quintile,prescribing_rate_recent,imd_score_weighted,trend_slope,trend_pvalue,trend_r2,retail_accessibility_binary,ols_fitted,ols_residual,centroid_lat,centroid_lon,kmeans_cluster,bm_node,bm_label,lisa_presc_cluster,lisa_retail_cluster
00L,NHS NORTHUMBERLAND,18.13503519491949,18.03183848395137,23.90887105199012,0,22.14846,0.20717,0.30192,21.42604,0.2935779816513761,109,5,22,82,200,"High prescribing
High retail",Q3,18.985612873599408,21.96293336437589,0.0372,0.0092,0.1093,0.2477064220183486,7.988565206055556,10.997047667543852,55.17541490258209,-1.7963139564007984,3,0,N0: Consistent prescribers,High-High,Not significant
00N,NHS SOUTH TYNESIDE,17.83367889759255,18.316455176984785,22.651545074044176,0,31.29583495145631,0.3170194174757281,0.9758349514563106,23.6522427184466,0.25,40,0,10,30,103,"High prescribing
Low retail","Q5
(most
deprived)",19.184347238662887,31.06145205507105,0.0939,0.0,0.3842,0.25,10.236032542519782,8.948314696143106,54.97386781728922,-1.4494166627534686,7,0,N0: Consistent prescribers,High-High,Not significant
00P,NHS SUNDERLAND,14.422323545089531,14.428468186478709,18.55821742513957,0,32.74859459459459,0.3071729729729729,1.0520918918918918,31.57411351351352,0.3287671232876712,73,2,20,51,185,"High prescribing
High retail","Q5
(most
deprived)",15.418420644927554,32.75979275490789,0.0633,0.0,0.333,0.3013698630136986,11.506536938320528,3.9118837066070262,54.89246062528217,-1.4390960584855326,1,1,"N1: High provision, high deprivation",High-High,Not significant
00Q,NHS BLACKBURN WITH DARWEN,0.0376983664705445,0.0,0.1888048353245514,46,36.68291208791209,0.3650879120879121,0.8011868131868132,35.83616483516484,0.28125,32,1,7,24,91,"Low prescribing
High retail","Q5
(most
deprived)",0.0,36.898780584381,-0.0012,0.0141,0.0978,0.25,12.257740074272691,-12.257740074272691,53.72911913730066,-2.477177295604823,9,2,N2: Deprived withdrawers,Not significant,Not significant
00R,NHS BLACKPOOL,0.0051954049797855,0.0,0.3169197037669213,60,43.52754255319149,0.3776808510638298,1.5288936170212766,38.33063829787234,0.1923076923076923,52,1,8,43,94,"Low prescribing
Low retail (double disadvantage)","Q5
(most
deprived)",0.0243784387513016,43.466861762961706,0.0005,0.1119,0.0423,0.173076923076923,13.317235296613598,-13.292856857862295,53.8176749662439,-3.038391988097561,2,3,N3: Extreme outlier,Not significant,Not significant
00T,NHS BOLTON,20.46069711184221,20.68230767301828,24.34121227113806,0,30.26257627118644,0.3153163841807909,0.495367231638418,26.567073446327687,0.3166666666666666,60,1,17,42,177,"High prescribing
High retail","Q5
(most
deprived)",21.76680894430786,31.41034581969761,0.0574,0.0,0.3551,0.3,10.991417009333396,10.775391934974468,53.57738466559711,-2.4483238872956985,1,0,N0: Consistent prescribers,Not significant,Not significant
00V,NHS BURY,5.96047964718357,6.247639338333269,8.643902195797454,0,22.99150833333333,0.2402,0.306025,19.432266666666667,0.2452830188679245,53,1,11,41,120,"Low prescribing
Low retail (double disadvantage)",Q3,7.012760670261278,24.007768389948097,0.0682,0.0,0.5751,0.2264150943396226,8.116644426941727,-1.1038837566804496,53.570200029448834,-2.303359658530996,6,4,N4: Widespread low provision (deprived),Not significant,Not significant
00X,NHS CHORLEY AND SOUTH RIBBLE,0.0391763497197476,0.0,0.4034942008076984,49,17.439579439252338,0.1818598130841121,0.2153177570093458,15.667654205607477,0.3,60,2,14,44,107,"Low prescribing
High retail",Q2,0.0063895075642261,16.78731554247975,0.0006,0.3795,0.0131,0.2666666666666666,6.530251893382819,-6.523862385818593,53.67814878383753,-2.6656277021729866,0,5,N5: Widespread low provision (less deprived),Not significant,Not significant
00Y,NHS OLDHAM,19.148459520958912,19.11357109447207,23.93520692816813,0,34.67385915492958,0.3426830985915493,0.6061197183098592,33.91074647887324,0.4047619047619047,42,1,15,26,142,"High prescribing
High retail","Q5
(most
deprived)",20.51207400742808,36.829938215440606,0.0793,0.0,0.4114,0.3809523809523809,13.44700640990722,7.0650675975208586,53.54316120421475,-2.104862994229804,10,6,N6: Double provision outlier,High-High,High-High
01A,NHS EAST LANCASHIRE,0.1267474756199396,0.0858366331693758,0.4432823804760563,3,30.560610655737705,0.2831024590163934,0.5228401639344262,27.43869262295082,0.3402061855670103,97,5,23,69,244,"Low prescribing
High retail","Q5
(most
deprived)",0.2248287959205024,31.18166651732678,0.0023,0.0002,0.2116,0.2886597938144329,11.154716935906947,-10.929888139986447,53.79546481328614,-2.27962508368624,9,2,N2: Deprived withdrawers,Not significant,Not significant
01D,"NHS HEYWOOD, MIDDLETON AND ROCHDALE",17.094896824359665,17.24167341847195,22.458543897047218,0,33.24078518518519,0.3329851851851852,0.7533555555555556,31.083125925925923,0.2745098039215686,51,1,12,38,135,"High prescribing
Low retail","Q5
(most
deprived)",19.43378274955065,34.331286666666664,0.0977,0.0,0.6064,0.2549019607843137,11.437106358874304,7.996676390676347,53.59999073219304,-2.172014762492364,1,1,"N1: High provision, high deprivation",High-High,Not significant
01E,NHS GREATER PRESTON,0.0996815128071002,0.0,0.6776717194609577,36,22.89563779527559,0.2281889763779527,0.3968818897637795,20.4178031496063,0.3246753246753247,77,8,9,60,127,"Low prescribing
High retail",Q3,0.1824234061285721,23.538284756960827,0.0044,0.0001,0.2261,0.2207792207792207,8.756110807750193,-8.573687401621621,53.77053177229081,-2.6990275070457663,11,5,N5: Widespread low provision (less deprived),Not significant,Not significant
01F,NHS HALTON,17.265538114426338,19.310664824220325,25.2458083625486,1,32.0666625,0.3014,0.9439,30.7244375,0.2142857142857142,42,1,7,34,80,"High prescribing
Low retail","Q5
(most
deprived)",7.266991590803068,31.11717560151309,-0.2025,0.0,0.3167,0.1904761904761904,9.902675615636904,-2.635684024833836,53.35139846439981,-2.7214102183934274,2,4,N4: Widespread low provision (deprived),Not significant,Not significant
01G,NHS SALFORD,12.280148707559238,12.252605764551635,15.124895836648436,0,31.45201863354037,0.3013291925465838,0.8173043478260871,29.86326708074534,0.3125,64,3,14,47,161,"High prescribing
High retail","Q5
(most
deprived)",12.198810267493656,32.34482802554623,0.0087,0.3253,0.0164,0.265625,11.225274685313606,0.97353558218005,53.49689486423788,-2.3351835522161988,1,1,"N1: High provision, high deprivation",Not significant,Not significant
01H,NHS NORTH CUMBRIA,1.189353009073364,0.4516118591521124,7.541854706145429,1,22.87446376811594,0.1885893719806763,0.233951690821256,25.161096618357487,0.2396694214876033,121,5,19,97,207,"Low prescribing
Low retail (double disadvantage)",Q3,4.248758167638332,22.57908086933057,0.0623,0.0,0.4247,0.1983471074380165,7.641757443590566,-3.392999275952234,54.72547367083664,-3.1157054883749318,6,4,N4: Widespread low provision (deprived),Not significant,Not significant
01J,NHS KNOWSLEY,19.0304589487848,21.88559438383032,25.655071573083124,2,36.88261,0.34726,1.2486,40.20733,0.2580645161290322,31,1,6,24,100,"High prescribing
Low retail","Q5
(most
deprived)",7.72844076057247,36.15694946756032,-0.264,0.0,0.4336,0.2258064516129032,11.812657669426269,-4.084216908853799,53.433286822906055,-2.846700658650907,9,2,N2: Deprived withdrawers,Not significant,Not significant
01K,NHS MORECAMBE BAY,0.1062385774847304,0.0396026744153242,0.4075822894606407,17,21.03617733990148,0.1817487684729064,0.1575467980295566,19.374334975369457,0.3170731707317073,123,10,19,94,203,"Low prescribing
High retail",Q3,0.0448305158081428,20.09511157658365,-0.001,0.2238,0.025,0.2357723577235772,7.669659383463808,-7.6248288676556655,54.17102966226913,-2.905927321087883,0,5,N5: Widespread low provision (less deprived),Not significant,Not significant
01T,NHS SOUTH SEFTON,22.146900287943254,24.18979277866985,28.95811412100869,0,29.68808035714286,0.2824642857142857,0.8202589285714286,28.33067857142857,0.3157894736842105,38,1,10,27,112,"High prescribing
High retail",Q4,12.319649389505036,29.47746829003139,-0.1946,0.0001,0.2351,0.2894736842105263,10.41472169273883,1.9049276967662063,53.48012235655444,-2.988221946095989,1,0,N0: Consistent prescribers,Not significant,Not significant
01V,NHS SOUTHPORT AND FORMBY,23.346097663949628,25.27559416694974,30.20781728713045,3,19.02027848101266,0.1923670886075949,0.3779493670886076,17.523329113924053,0.2608695652173913,46,2,8,36,79,"High prescribing
Low retail",Q2,12.296484646251468,19.11000167085802,-0.2571,0.0,0.3303,0.217391304347826,6.829740621802038,5.46674402444943,53.6175480888415,-3.0122947112058758,5,0,N0: Consistent prescribers,Not significant,Not significant
01W,NHS STOCKPORT,17.489400431830656,17.478089769408008,20.316819034437543,0,17.85134554973822,0.1829005235602094,0.1135340314136125,15.96705235602094,0.2470588235294117,85,2,17,66,191,"High prescribing
Low retail",Q2,18.601021771190155,18.40423141346811,0.0453,0.0,0.309,0.2235294117647059,6.487060029747053,12.113961741443102,53.397662045582976,-2.153608734224901,3,0,N0: Consistent prescribers,High-High,Not significant
01X,NHS ST HELENS,0.143894967773895,0.1244035169356616,0.3508745017935432,7,28.82884297520661,0.2690495867768595,0.8801818181818182,27.67954545454545,0.26,50,2,9,39,121,"Low prescribing
Low retail (double disadvantage)",Q4,0.1052787819032604,28.953422372352865,-0.0007,0.2123,0.0262,0.22,9.714372839388782,-9.60909405748552,53.45283199904382,-2.7183216081274897,4,2,N2: Deprived withdrawers,Not significant,Not significant
01Y,NHS TAMESIDE AND GLOSSOP,17.765587288212863,18.044407877889963,22.02485833293185,0,29.199415492957748,0.2884859154929577,0.6672535211267606,25.24299295774648,0.4,40,1,14,25,142,"High prescribing
High retail",Q4,19.38131547575817,29.83557711571008,0.0715,0.0,0.366,0.375,11.3446142794248,8.036701196333372,53.47387098686787,-2.091309899665937,10,1,"N1: High provision, high deprivation",High-High,High-High
02A,NHS TRAFFORD,0.1982903876813076,0.1777395936700266,0.7225041709445585,13,14.874021582733814,0.1689424460431654,-0.2847482014388489,9.207597122302158,0.4242424242424242,66,7,14,45,139,"Low prescribing
High retail","Q1
(least
deprived)",0.2987478551485115,14.971605562621749,0.0055,0.0,0.3658,0.3181818181818182,7.21323802117625,-6.914490166027738,53.42400473602128,-2.333634332831192,8,7,N7: Affluent retail-only,Not significant,Not significant
02E,NHS WARRINGTON,13.42065284461485,14.92573481156098,20.679022402641014,1,16.713409090909092,0.1804621212121212,0.0448560606060606,15.674863636363636,0.2318840579710145,69,2,12,55,132,"High prescribing
Low retail",Q2,6.224246038475624,16.835007743263596,-0.1318,0.0001,0.2275,0.2028985507246377,5.877238590679625,0.347007447795999,53.3974189736936,-2.578573701107011,6,4,N4: Widespread low provision (deprived),Not significant,Not significant
02G,NHS WEST LANCASHIRE,0.4745076159203662,0.5016665662676523,1.2168354473628016,5,18.701835616438355,0.1996438356164383,0.0971917808219178,21.11890410958904,0.2727272727272727,33,2,5,26,73,"Low prescribing
Low retail (double disadvantage)",Q2,0.3037457175524621,18.26464517426274,-0.0029,0.151,0.0346,0.2121212121212121,6.697393632825803,-6.393647915273341,53.58246278827532,-2.837986540434441,0,4,N4: Widespread low provision (deprived),Not significant,Not significant
02H,NHS WIGAN BOROUGH,23.260259788467675,23.428208879919264,26.300567214924527,0,25.049185,0.236815,0.59163,25.14512,0.2340425531914893,94,1,20,73,200,"High prescribing
Low retail",Q4,22.310915056268165,25.20551981653464,-0.0087,0.459,0.0093,0.2234042553191489,8.35861062474853,13.952304431519634,53.52490385881226,-2.585027275574713,7,0,N0: Consistent prescribers,Not significant,Not significant
02M,NHS FYLDE AND WYRE,0.0839102520625472,0.0758754627327476,0.3725705090982107,13,19.51890082644628,0.1933140495867768,0.3334462809917355,17.78302479338843,0.2463768115942029,69,4,9,56,121,"Low prescribing
Low retail (double disadvantage)",Q2,0.0663116419814234,18.553877086131067,0.0002,0.6655,0.0032,0.1884057971014492,6.524364762243692,-6.458053120262268,53.83274772583504,-2.9571864894342195,6,4,N4: Widespread low provision (deprived),Not significant,Not significant
02P,NHS BARNSLEY,22.277358352698148,22.2585814715124,26.76811421375101,0,30.24507432432432,0.2806013513513513,0.9828243243243244,33.450155405405404,0.2580645161290322,62,1,14,47,148,"High prescribing
Low retail",Q4,23.46954004254043,30.05719346880478,0.0588,0.0,0.287,0.2419354838709677,10.01983641511489,13.44970362742554,53.54613685202919,-1.4676536264249884,7,0,N0: Consistent prescribers,Not significant,Not significant
02Q,NHS BASSETLAW,21.18997767579508,21.290110229140183,27.69634041322831,0,23.06644927536232,0.2244057971014492,0.1920144927536231,30.85889855072464,0.3142857142857143,35,0,11,24,69,"High prescribing
High retail",Q3,20.653265211718427,22.54044841438513,0.0146,0.3662,0.0139,0.3142857142857143,8.361088766705425,12.292176445013002,53.332577932962046,-1.0233250765264026,3,0,N0: Consistent prescribers,High-High,Not significant
02T,NHS CALDERDALE,10.043494506746068,14.716787209727968,20.361901021244943,0,28.02786046511628,0.2652170542635659,0.3735038759689922,22.56303100775194,0.2888888888888888,45,1,11,33,129,"High prescribing
High retail",Q4,0.7167897219295079,27.58227544062409,-0.377,0.0,0.7572,0.2666666666666666,9.594266380622894,-8.877476658693386,53.717444828391365,-1.9010141116850916,4,2,N2: Deprived withdrawers,Not significant,Not significant
02X,NHS DONCASTER,18.522292635901323,18.478078144042293,22.84279673042245,0,30.46666331658292,0.2927839195979899,0.5384924623115578,35.856532663316585,0.2282608695652173,92,1,19,72,199,"High prescribing
Low retail","Q5
(most
deprived)",19.43078415747771,30.522898634568627,0.0578,0.0,0.3688,0.217391304347826,9.864860416482342,9.565923740995368,53.52873957117254,-1.117710688236959,7,8,N8: Deprived NHS-dependent,High-High,Low-Low
02Y,NHS EAST RIDING OF YORKSHIRE,26.757420132742315,26.940542690869552,31.571945752186696,0,16.567487437185928,0.1692562814070352,-0.3030201005025125,19.310582914572866,0.2371134020618556,97,1,21,75,199,"High prescribing
Low retail",Q2,28.16092323695004,16.228270780046184,0.0959,0.0,0.4844,0.2268041237113402,5.750117128197737,22.410806108752304,53.85927591774672,-0.4468010805879371,3,9,N9: Highest prescribers,High-High,Low-Low
03F,NHS HULL,18.096621585512835,18.036281056023885,22.681396174437506,0,37.07084523809524,0.361922619047619,0.7791071428571428,39.63009523809524,0.2111111111111111,90,1,17,72,168,"High prescribing
Low retail","Q5
(most
deprived)",19.298796886275944,37.206066343602174,0.0512,0.0,0.2813,0.2,11.661215830464876,7.637581055811069,53.75833654191449,-0.340961398159578,7,8,N8: Deprived NHS-dependent,High-High,Low-Low
03H,NHS NORTH EAST LINCOLNSHIRE,14.519400420152987,14.736028643967751,19.0019748811008,0,30.62245794392524,0.3039719626168224,0.4119719626168224,34.36271962616823,0.2181818181818181,55,1,10,44,107,"High prescribing
Low retail","Q5
(most
deprived)",15.303958925837614,30.213368734349743,0.0432,0.0004,0.1929,0.2,9.67518443179732,5.628774494040293,53.5612544296017,-0.0973856348139649,7,4,N4: Widespread low provision (deprived),High-High,Low-Low
03K,NHS NORTH LINCOLNSHIRE,23.05410278996522,23.14068173655627,29.04170761134781,0,23.24866990291262,0.2304854368932039,0.217126213592233,27.23849514563107,0.2166666666666666,60,1,11,48,103,"High prescribing
Low retail",Q4,22.680607226052565,23.47295480495046,0.0122,0.4023,0.0119,0.2,7.6792257539321,15.001381472120464,53.585993936311,-0.6070849080231596,7,0,N0: Consistent prescribers,High-High,Low-Low
03L,NHS ROTHERHAM,0.0455779198833826,0.0,0.6406005908881127,45,29.460582352941177,0.2910235294117647,0.7983235294117648,32.16815882352941,0.2236842105263158,76,1,15,60,170,"Low prescribing
Low retail (double disadvantage)",Q4,0.0472482880798115,29.836030357815165,0.0019,0.0115,0.1034,0.2105263157894736,9.61816093328378,-9.570912645203968,53.42304381341893,-1.3108761084075378,2,2,N2: Deprived withdrawers,Not significant,Low-Low
03N,NHS SHEFFIELD,13.556795718174143,15.448501623412202,24.56911872433835,0,27.04844023323615,0.2735102040816327,0.4989737609329446,28.190338192419823,0.2974683544303797,158,7,33,118,343,"High prescribing
High retail",Q4,21.88011246854517,27.573756740723425,0.3646,0.0,0.8472,0.2531645569620253,9.6757776978756,12.20433477066957,53.38481287542486,-1.467149314553507,1,0,N0: Consistent prescribers,Not significant,Not significant
03Q,NHS VALE OF YORK,24.28606010309305,24.2623447768026,30.2520330437203,0,12.67008962264151,0.1357264150943396,-0.3799905660377359,14.478367924528303,0.25,112,6,16,90,212,"High prescribing
Low retail","Q1
(least
deprived)",26.0370614741284,12.407156844495333,0.0932,0.0,0.4067,0.1964285714285714,4.753220288301374,21.283841185827026,53.9629880618525,-1.0621348369183494,3,9,N9: Highest prescribers,High-High,Low-Low
03R,NHS WAKEFIELD,0.0875511576965953,0.0183070087244186,0.4458726524781146,28,27.34404651162791,0.2549162790697674,0.6394418604651162,32.50604186046512,0.3068181818181818,88,2,23,63,215,"Low prescribing
High retail",Q4,0.0070469979516889,27.24667109177596,-0.0037,0.0,0.3317,0.2840909090909091,9.671200641661503,-9.664153643709817,53.67588996114686,-1.425963378594119,4,2,N2: Deprived withdrawers,Not significant,Not significant
03W,NHS EAST LEICESTERSHIRE AND RUTLAND,17.345334893879986,22.10527286782192,28.11571847686572,0,11.404175,0.1374,-0.6256,12.327575,0.2886597938144329,97,5,18,74,200,"High prescribing
High retail","Q1
(least
deprived)",0.2993002387763136,11.21098728138091,-0.3774,0.0,0.4978,0.2371134020618556,4.780225004888359,-4.480924766112045,52.61552161435568,-1.0234838010379357,0,5,N5: Widespread low provision (less deprived),Not significant,Not significant
04C,NHS LEICESTER CITY,9.995894313148511,12.41086120273928,16.944130017295087,0,33.93239,0.340265,0.35097,37.730035,0.1830985915492957,71,0,13,58,200,"High prescribing
Low retail","Q5
(most
deprived)",0.8133868295755925,34.44856084511201,-0.1895,0.0,0.4327,0.1830985915492957,10.576423563896864,-9.763036734321274,52.63605745784519,-1.1251369609832635,2,3,N3: Extreme outlier,Not significant,Low-Low
04V,NHS WEST LEICESTERSHIRE,16.172037081077672,20.723039887197377,26.80873442399809,11,14.03031623931624,0.1564358974358974,-0.2802179487179487,16.664564102564103,0.1946902654867256,113,3,16,94,234,"High prescribing
Low retail","Q1
(least
deprived)",0.0246841128740159,13.86843411576356,-0.3651,0.0,0.5206,0.168141592920354,4.6410893176678645,-4.616405204793849,52.6921641010661,-1.306805279175551,6,10,N10: Structural double disadvantage,Not significant,Low-Low
04Y,NHS CANNOCK CHASE,3.1331256388791755,3.2407959493597995,5.152460036659705,0,19.026404761904764,0.2103809523809524,0.2512023809523809,26.136011904761908,0.3611111111111111,36,1,11,24,84,"Low prescribing
High retail",Q2,3.7657950033818817,18.73264741802446,0.0317,0.0,0.4188,0.3333333333333333,7.700453244503799,-3.934658241121917,52.70189193518331,-1.9962996860441564,11,5,N5: Widespread low provision (less deprived),Not significant,Not significant
05D,NHS EAST STAFFORDSHIRE,3.2040299353066106,3.2918325446898,6.150881941554144,0,18.07702564102564,0.198,0.0321666666666666,22.797320512820512,0.282051282051282,39,2,7,30,78,"Low prescribing
High retail",Q2,3.227995188495776,18.260555922473696,-0.0207,0.0015,0.159,0.2307692307692307,6.787497844574601,-3.5595026560788248,52.82538028666361,-1.7214165591200734,0,4,N4: Widespread low provision (deprived),Not significant,Not significant
05G,NHS NORTH STAFFORDSHIRE,3.6692270240832623,3.76797730279572,5.18878556341262,0,17.51707462686567,0.174455223880597,0.0984776119402985,19.56951492537313,0.3214285714285714,56,2,14,40,134,"Low prescribing
High retail",Q2,2.9470893583710094,17.44042282118373,-0.0147,0.0086,0.1114,0.2857142857142857,6.932052157991838,-3.984962799620829,53.04299066296494,-2.159502187985015,0,5,N5: Widespread low provision (less deprived),Not significant,Not significant
05Q,NHS SOUTH EAST STAFFORDSHIRE AND SEISDON PENINSULA,2.729972265990979,2.704952114461165,4.04724106673435,0,15.7582,0.1818357142857143,-0.1482357142857142,20.42568571428572,0.2285714285714285,70,2,12,56,140,"Low prescribing
Low retail (double disadvantage)","Q1
(least
deprived)",2.2974378309408428,15.326885565798907,-0.0095,0.0326,0.0751,0.2,5.401536834969597,-3.104099004028754,52.630190855675394,-1.8901093660760144,6,4,N4: Widespread low provision (deprived),Not significant,Not significant
05V,NHS STAFFORD AND SURROUNDS,2.962512641740473,2.8293465155843736,5.757394877168779,0,14.188021505376344,0.154010752688172,-0.2223978494623656,13.961817204301076,0.1702127659574468,47,1,6,40,93,"Low prescribing
Low retail (double disadvantage)","Q1
(least
deprived)",2.951643756924712,13.874723178674842,0.0006,0.9161,0.0002,0.1489361702127659,4.403239894867308,-1.4515961379425963,52.81870957736516,-2.1376503404067195,6,10,N10: Structural double disadvantage,Not significant,Not significant
05W,NHS STOKE ON TRENT,4.560731959410405,4.757350253334265,6.650036107187619,0,32.34381547619048,0.3165,0.8852916666666667,35.509976190476195,0.1973684210526315,76,0,15,61,168,"Low prescribing
Low retail (double disadvantage)","Q5
(most
deprived)",5.397973989000379,32.92410192943318,0.0421,0.0,0.5142,0.1973684210526315,10.268097809230447,-4.87012382023007,53.017142437216826,-2.164855842502697,2,4,N4: Widespread low provision (deprived),Not significant,Not significant
06H,NHS CAMBRIDGESHIRE AND PETERBOROUGH,0.9839736361216598,0.9882533304767844,1.3609905206200252,0,16.4661119544592,0.1835806451612903,-0.4304648956356736,20.02099430740038,0.2723577235772357,246,12,43,191,527,"Low prescribing
Low retail (double disadvantage)",Q2,0.7270451390153696,16.613816832568464,-0.0103,0.0,0.6847,0.2235772357723577,6.208568476771,-5.481523337755631,52.35146157696642,-0.0341444182505697,0,4,N4: Widespread low provision (deprived),Low-Low,Not significant
06K,NHS EAST AND NORTH HERTFORDSHIRE,0.7877698710639764,0.8230690081742549,1.075344850684956,0,13.897637426900586,0.1772163742690058,-0.5989590643274854,16.093236842105263,0.3941605839416058,137,10,34,93,342,"Low prescribing
High retail","Q1
(least
deprived)",0.5481466910110835,13.862517936236,-0.007,0.0,0.4736,0.3211678832116788,6.592679603246163,-6.044532912235079,51.84010497564623,-0.1142990473403118,8,7,N7: Affluent retail-only,Not significant,High-High
06L,NHS IPSWICH AND EAST SUFFOLK,3.1676765757754333,3.157627840771547,4.715372816340372,0,18.387879166666668,0.1809083333333333,-0.1717458333333333,23.784029166666667,0.2248062015503876,129,5,19,105,240,"Low prescribing
Low retail (double disadvantage)",Q2,3.011846882195541,18.318337155703283,-0.0025,0.5007,0.0077,0.1860465116279069,6.243903665420172,-3.232056783224631,52.109335028897135,1.195479496288441,6,4,N4: Widespread low provision (deprived),Not significant,Not significant
06N,NHS HERTS VALLEYS,0.20159808738234,0.1979106773962124,0.5830214313743246,0,12.31456388888889,0.1662888888888888,-0.7157416666666666,12.257219444444443,0.3043478260869565,161,13,23,125,360,"Low prescribing
High retail","Q1
(least
deprived)",0.146093422581952,12.3539212879205,-0.0033,0.0,0.3023,0.2236024844720497,5.269778921483187,-5.123685498901235,51.704453275063074,-0.3955460741601381,0,5,N5: Widespread low provision (less deprived),Not significant,High-High
06Q,NHS MID ESSEX,0.0457628610150675,0.0,0.2571102869421611,32,14.864768595041324,0.1593057851239669,-0.4520413223140496,18.19740082644628,0.2844827586206896,116,4,25,87,242,"Low prescribing
High retail","Q1
(least
deprived)",0.0885495165544315,14.950168656858883,0.0003,0.6198,0.0042,0.25,5.838329576610199,-5.749780060055767,51.79227770128944,0.5764228680848534,0,5,N5: Widespread low provision (less deprived),Low-Low,Not significant
06T,NHS NORTH EAST ESSEX,1.7163577014534026,1.697861882347222,2.572353924967322,0,23.896844660194176,0.2212427184466019,0.3102815533980582,28.58126699029126,0.3185840707964602,113,7,22,84,206,"Low prescribing
High retail",Q4,1.557259194499053,23.78832159989366,-0.0053,0.055,0.061,0.2566371681415929,8.769951762660307,-7.212692568161254,51.86557512594384,0.998398837035408,11,4,N4: Widespread low provision (deprived),Low-Low,Not significant
07G,NHS THURROCK,8.707104334949909,8.745457008831467,13.219162267828985,0,20.63643,0.23065,-0.11634,24.86142,0.35,40,3,8,29,100,"High prescribing
High retail",Q3,6.789216912794332,21.03164956897527,-0.073,0.0,0.512,0.275,8.267362334739873,-1.4781454219455412,51.49496060244587,0.3395617197273456,11,5,N5: Widespread low provision (less deprived),Not significant,High-High
07H,NHS WEST ESSEX,11.822273035408564,11.621059019866433,15.256164355981758,0,15.292583783783783,0.1809675675675675,-0.8245999999999999,18.998416216216217,0.323943661971831,71,4,15,52,185,"High prescribing
High retail","Q1
(least
deprived)",10.764912623909222,15.1277489196841,-0.0522,0.0,0.5063,0.2676056338028169,6.276947486104135,4.487965137805087,51.78599740974835,0.1556664268037789,5,0,N0: Consistent prescribers,Not significant,High-High
07K,NHS WEST SUFFOLK,3.6580004922286906,3.628803496993881,6.971427220247218,0,16.286744525547444,0.1655547445255474,-0.365970802919708,23.16175912408759,0.380281690140845,71,6,15,50,137,"Low prescribing
High retail",Q2,3.881114873411029,16.19017258492234,0.0241,0.0001,0.2331,0.2957746478873239,7.140906411440294,-3.2597915380292646,52.20075277814096,0.6430516695607763,8,7,N7: Affluent retail-only,Not significant,High-High
09D,NHS BRIGHTON AND HOVE,6.703983354924857,6.663335714703631,8.199177080926676,0,20.35640606060606,0.2156060606060606,0.0442242424242424,18.373369696969696,0.2278481012658227,79,4,10,65,165,"Low prescribing
Low retail (double disadvantage)",Q3,6.611888493757888,20.26592098286453,0.0036,0.4657,0.0091,0.1772151898734177,6.84611947603579,-0.2342309822779018,50.83218760678321,-0.1480189980049401,6,4,N4: Widespread low provision (deprived),Not significant,Not significant
10Q,NHS OXFORDSHIRE,14.44212157004426,14.407594662952237,16.18136117460155,0,11.16982816229117,0.1327350835322195,-0.910871121718377,15.674190930787589,0.3333333333333333,216,19,34,163,419,"High prescribing
High retail","Q1
(least
deprived)",13.89565062597336,11.220468322888296,-0.0103,0.0859,0.0492,0.2453703703703703,5.220480874940314,8.675169751033046,51.77169332993081,-1.28246554963037,5,11,"N11: Moderate provision, least deprived",Not significant,Not significant
10R,NHS PORTSMOUTH,6.98375579475473,10.246704161293696,14.515854279598107,2,25.82608,0.256488,0.258816,28.675112,0.2769230769230769,65,3,12,50,125,"Low prescribing
Low retail (double disadvantage)",Q4,0.2446033296065694,26.378011897640096,-0.2632,0.0,0.6784,0.2307692307692307,9.123136819988472,-8.878533490381903,50.80979672148622,-1.0771367339728948,4,2,N2: Deprived withdrawers,Not significant,Not significant
11J,NHS DORSET,20.177133408997985,21.401886785777908,25.07283430628598,0,16.855924406047514,0.1821619870410367,-0.2215939524838013,18.1422030237581,0.2988505747126437,261,18,42,201,463,"High prescribing
High retail",Q2,16.463759390393978,16.905310830962474,-0.0626,0.0598,0.0588,0.2298850574712643,6.5536768608208105,9.910082529573168,50.76041347328316,-2.101493565569144,5,0,N0: Consistent prescribers,Not significant,Not significant
11M,NHS GLOUCESTERSHIRE,0.1648779524586659,0.1498245846483653,0.4283354263394502,0,15.120776081424935,0.1634860050890585,-0.450208651399491,16.75523409669211,0.271356783919598,199,10,34,155,393,"Low prescribing
Low retail (double disadvantage)","Q1
(least
deprived)",0.1303405780175046,15.146137272356764,-0.0023,0.0,0.3019,0.2211055276381909,5.767390896845379,-5.637050318827875,51.83618766238346,-2.1823398391591797,0,5,N5: Widespread low provision (less deprived),Not significant,Not significant
11N,NHS CORNWALL AND THE ISLES OF SCILLY,0.1184154182493803,0.053025988125474,0.3456632414954777,6,22.457026706231453,0.2200593471810089,-0.0527210682492581,21.333350148367952,0.2549019607843137,204,6,40,158,337,"Low prescribing
Low retail (double disadvantage)",Q3,0.0582139713846391,22.283141165048203,-0.0042,0.0,0.5402,0.2254901960784313,7.703941636189091,-7.645727664804452,50.32717018663586,-4.957517409010505,4,4,N4: Widespread low provision (deprived),Not significant,Not significant
11X,NHS SOMERSET,0.589133355321521,0.5648152836939567,1.1021178131777527,0,19.3331592920354,0.1831386430678466,-0.2090412979351032,22.684286135693217,0.2834224598930481,187,8,37,142,339,"Low prescribing
High retail",Q2,0.4081769130863354,19.13698231301476,-0.0105,0.0,0.6746,0.2406417112299465,7.0585217245701255,-6.65034481148379,51.086755715674414,-2.8629734089010346,0,4,N4: Widespread low provision (deprived),Not significant,Not significant
12F,NHS WIRRAL,16.213654353676507,18.547332010507912,22.04461768395979,0,27.20305263157895,0.260133971291866,0.8376315789473684,22.94134928229665,0.2808988764044944,89,3,19,67,209,"High prescribing
Low retail",Q4,6.827275618944199,27.47294915317316,-0.1831,0.0,0.2749,0.247191011235955,9.483890698829814,-2.656615079885615,53.37939657777359,-3.06113330114574,4,2,N2: Deprived withdrawers,Not significant,Not significant
13T,NHS NEWCASTLE GATESHEAD,15.838367032477391,15.673291278980912,19.191467591666424,0,28.394794117647063,0.2798888888888889,0.6786111111111112,28.326267973856208,0.3082706766917293,133,5,31,97,306,"High prescribing
High retail",Q4,16.762287994294603,28.5571915534458,0.0378,0.0005,0.1897,0.2706766917293233,10.070608400419852,6.691679593874751,54.96975744382215,-1.6377268507829468,1,0,N0: Consistent prescribers,High-High,Not significant
14L,NHS MANCHESTER,20.03775815572733,20.08726097520824,24.63700410343184,0,37.96294576271186,0.3640813559322033,1.0717627118644069,27.224406779661017,0.2368421052631578,152,4,28,120,295,"High prescribing
Low retail","Q5
(most
deprived)",20.7060999557786,38.6772287650544,0.0495,0.0,0.2905,0.2105263157894736,12.34558813147962,8.360511824298982,53.46142499543295,-2.230658456889249,7,8,N8: Deprived NHS-dependent,High-High,Not significant
14Y,NHS BUCKINGHAMSHIRE,12.450861161871872,12.303672628966408,14.66637402695968,0,11.72706865671642,0.1364925373134328,-1.0562358208955225,12.942680597014924,0.3157894736842105,152,13,22,117,335,"High prescribing
High retail","Q1
(least
deprived)",12.891552551543906,11.90133009922275,0.0308,0.0,0.2691,0.2302631578947368,5.24879798634394,7.642754565199967,51.70554937252085,-0.7475214657408515,5,11,"N11: Moderate provision, least deprived",Not significant,High-High
15A,NHS BERKSHIRE WEST,0.1116889237319449,0.0889594630890737,0.3215326242112823,2,11.7921059602649,0.143546357615894,-0.7661721854304636,14.260688741721854,0.3169014084507042,142,12,21,109,302,"Low prescribing
High retail","Q1
(least
deprived)",0.1080105418681683,11.861892131613292,-0.0014,0.0021,0.1494,0.2323943661971831,5.248095212645541,-5.140084670777373,51.43377862397326,-1.0532258107954344,0,5,N5: Widespread low provision (less deprived),Not significant,High-High
15C,"NHS BRISTOL, NORTH SOMERSET AND SOUTH GLOUCESTERSHIRE",3.005815579335885,3.028695771446111,4.516707641745445,0,17.337669535283993,0.1809724612736661,-0.1702839931153184,20.13748709122203,0.2613240418118467,287,14,47,226,581,"Low prescribing
Low retail (double disadvantage)",Q2,3.05418528722853,17.70638093943458,0.0048,0.1003,0.0451,0.2125435540069686,6.421643293803494,-3.367458006574964,51.4616178130089,-2.622224230032475,0,4,N4: Widespread low provision (deprived),Not significant,Not significant
15E,NHS BIRMINGHAM AND SOLIHULL,24.964479674078376,25.23628419978924,28.688736442731845,0,34.08220176544767,0.3738537200504414,0.568938209331652,30.958704918032787,0.3074204946996466,283,13,61,209,793,"High prescribing
High retail","Q5
(most
deprived)",25.93318700719398,34.76963584170612,0.0635,0.0,0.4325,0.2614840989399293,11.888225169643096,14.044961837550884,52.47162386613795,-1.8671647775594795,1,1,"N1: High provision, high deprivation",Not significant,Not significant
15F,NHS LEEDS,9.740248094570385,15.05546104328817,18.479417910514247,0,23.725782786885247,0.2425676229508196,0.1385594262295082,24.11845286885245,0.2932692307692308,208,10,41,157,488,"High prescribing
High retail",Q4,0.1263718357366496,24.11463325990921,-0.3788,0.0,0.7519,0.2451923076923076,8.61796265902467,-8.49159082328802,53.81265167021998,-1.5489211265626517,4,4,N4: Widespread low provision (deprived),Not significant,Not significant
15M,NHS DERBY AND DERBYSHIRE,0.5724071224047717,0.5395266909682888,1.1487514780409185,0,21.198477726574502,0.2151935483870967,0.2914193548387097,23.20191244239632,0.2178217821782178,303,7,52,244,651,"Low prescribing
Low retail (double disadvantage)",Q3,0.3338262413943286,21.552601190169387,-0.0115,0.0,0.677,0.1947194719471947,7.12611297185703,-6.792286730462702,53.07232732358003,-1.5103193427167314,6,4,N4: Widespread low provision (deprived),Not significant,Low-Low
15N,NHS DEVON,2.7806434151924204,2.7589593525368348,3.373082551353653,0,20.23872702331961,0.1980548696844993,0.0712880658436214,21.493106995884773,0.220253164556962,395,11,65,319,729,"Low prescribing
Low retail (double disadvantage)",Q3,2.4959712853497447,20.141360710055327,-0.0051,0.0127,0.1008,0.1924050632911392,6.735135080125335,-4.23916379477559,50.641141188288735,-3.7333427795666423,6,4,N4: Widespread low provision (deprived),Not significant,Not significant
16C,NHS TEES VALLEY,17.96835507903786,18.21376642042939,20.6172321372872,0,31.887677647058823,0.3062611764705882,0.8654023529411764,28.387574117647056,0.2577777777777778,225,3,52,170,425,"High prescribing
Low retail","Q5
(most
deprived)",18.257147410954964,31.37148279770085,0.0317,0.0088,0.1107,0.2444444444444444,10.403320326210766,7.853827084744198,54.57478930057134,-1.275762383106856,7,0,N0: Consistent prescribers,High-High,Not significant
18C,NHS HEREFORDSHIRE AND WORCESTERSHIRE,0.1762259310369117,0.1849429238151093,0.3131962065210475,1,17.76281466395112,0.1838044806517311,-0.2407046843177189,20.727372708757635,0.2863636363636364,220,12,39,169,491,"Low prescribing
High retail",Q2,0.1059177810493825,17.654329386894297,-0.0009,0.1118,0.0423,0.2318181818181818,6.651546709169251,-6.545628928119869,52.20152942500626,-2.2859506867338,0,4,N4: Widespread low provision (deprived),Not significant,Not significant
26A,NHS NORFOLK AND WAVENEY,0.2169355215920476,0.1508915081418072,0.7428958863594223,6,21.67265865384616,0.2065384615384615,-0.0098429487179487,28.367237179487176,0.3249097472924188,277,11,68,198,624,"Low prescribing
High retail",Q3,0.052054834297366,21.735202217857807,-0.0085,0.0,0.5943,0.2851985559566787,8.228450015114994,-8.176395180817629,52.63689609553666,1.1608983314663823,11,5,N5: Widespread low provision (less deprived),Not significant,Not significant
27D,NHS CHESHIRE,10.323908069390198,11.682359651453764,12.871861116761597,0,16.002761802575108,0.1667274678111588,-0.1562703862660944,16.87087982832618,0.300395256916996,253,18,40,195,466,"High prescribing
High retail","Q1
(least
deprived)",4.857249334023706,15.84857370514299,-0.1199,0.0,0.3678,0.2292490118577075,6.258210406236039,-1.400961072212333,53.21527486782274,-2.548136684525659,0,5,N5: Widespread low provision (less deprived),Not significant,Not significant
36J,NHS BRADFORD DISTRICT AND CRAVEN,0.2120546820997248,0.2068419966935033,0.5124748917167101,1,33.7741052631579,0.3279122807017544,0.4974502923976607,36.5684269005848,0.2719298245614035,114,2,27,85,342,"Low prescribing
Low retail (double disadvantage)","Q5
(most
deprived)",0.1718735199678473,34.682213537127296,-0.0016,0.0161,0.0943,0.2543859649122807,11.5149850343162,-11.343111514348353,53.84214023396038,-1.837582132635688,9,2,N2: Deprived withdrawers,Not significant,Not significant
36L,NHS SOUTH WEST LONDON,3.3301775458376017,3.2411309553240524,4.381168514838431,0,15.281088838268792,0.1997072892938496,-0.6387801822323463,10.424859908883828,0.3270777479892761,373,37,48,288,878,"Low prescribing
High retail","Q1
(least
deprived)",3.704761948264848,15.604152359474446,0.0143,0.0,0.3464,0.227882037533512,6.447661288551983,-2.742899340287136,51.40812313162252,-0.1935107638560391,0,5,N5: Widespread low provision (less deprived),Not significant,High-High
42D,NHS NORTH YORKSHIRE,7.476572108991114,7.399770088343311,9.779970877275815,0,16.726234200743495,0.1550260223048327,-0.3293866171003717,17.819657992565055,0.2377622377622377,143,5,24,114,269,"Low prescribing
Low retail (double disadvantage)",Q2,7.71313372074475,16.802704964868475,0.0199,0.0004,0.1904,0.2027972027972027,5.925306807618221,1.787826913126529,54.21078142745724,-1.2475195660661345,6,4,N4: Widespread low provision (deprived),Not significant,Low-Low
52R,NHS NOTTINGHAM AND NOTTINGHAMSHIRE,0.0923337978380914,0.0963331393998892,0.1798451977530323,0,23.03242601626016,0.2421430894308943,0.2484227642276422,23.862253658536584,0.2080536912751678,298,7,48,243,615,"Low prescribing
Low retail (double disadvantage)",Q3,0.0490375115138681,22.902632703528948,-0.0012,0.0,0.2673,0.1845637583892617,7.427255206207013,-7.378217694693145,53.01218758415904,-1.1349996442346764,6,4,N4: Widespread low provision (deprived),Not significant,Low-Low
70F,NHS WEST SUSSEX,17.029566914183704,16.902001688300192,19.463361146773927,0,14.680969924812027,0.1676785714285714,-0.4410187969924812,17.654351503759397,0.3085501858736059,269,22,39,208,532,"High prescribing
High retail","Q1
(least
deprived)",16.445685929284146,14.800003015209333,0.0076,0.385,0.0128,0.2267657992565055,6.029875578449773,10.415810350834374,50.92962070688273,-0.4087849402895356,5,0,N0: Consistent prescribers,Not significant,Not significant
71E,NHS LINCOLNSHIRE,19.83917851133688,22.304498433994382,25.518500518925265,0,22.32596551724138,0.2142229885057471,0.0771977011494252,26.82140229885057,0.2,280,8,40,232,435,"High prescribing
Low retail",Q3,9.39929657968795,22.239363820205604,-0.2218,0.0,0.3153,0.1714285714285714,7.153442865033714,2.245853714654237,53.09044264764077,-0.2959501099634461,6,4,N4: Widespread low provision (deprived),Not significant,Low-Low
72Q,NHS SOUTH EAST LONDON,3.4655807569575443,3.4403006190274694,3.953342748932589,0,20.30379326923077,0.2363923076923077,-0.1217192307692307,12.717145192307692,0.3044444444444444,450,27,83,340,1040,"Low prescribing
High retail",Q3,3.436669289555105,20.606248818142905,0.0024,0.2279,0.0245,0.2444444444444444,7.69622342818899,-4.259554138633884,51.45246901407055,-0.0157000468619103,0,4,N4: Widespread low provision (deprived),Not significant,Not significant
78H,NHS NORTHAMPTONSHIRE,0.0812631652022405,0.0200435756342488,0.4512672687707261,19,17.598054176072235,0.1923318284424379,-0.1479322799097065,23.38674266365688,0.2574257425742574,202,9,34,159,443,"Low prescribing
Low retail (double disadvantage)",Q2,0.0253279593385111,17.48272900328601,-0.0042,0.0,0.4874,0.2128712871287128,6.317733805344041,-6.29240584600553,52.29176315828435,-0.8394119132738225,0,4,N4: Widespread low provision (deprived),Not significant,Not significant
84H,NHS COUNTY DURHAM,15.664687489183994,15.875446404527002,19.88062665903749,0,29.84955757575757,0.2747363636363636,0.8925484848484848,26.71536363636364,0.1954022988505747,174,2,30,142,330,"High prescribing
Low retail",Q4,16.296482711656985,28.80809634188864,0.0438,0.0002,0.2091,0.1839080459770115,9.039080877325803,7.25740183433118,54.75258624315235,-1.6266414692465154,7,8,N8: Deprived NHS-dependent,High-High,Not significant
91Q,NHS KENT AND MEDWAY,8.763337423433747,8.458703361085412,10.794421853678855,0,21.300424570912377,0.2108798554652213,-0.1106052393857272,23.20620234869015,0.3410041841004184,478,32,99,347,1107,"High prescribing
High retail",Q3,9.876542557563903,21.249940323859857,0.0473,0.0,0.5912,0.2740585774058577,8.24342942108428,1.633113136479624,51.273346288320056,0.7069814973625032,11,0,N0: Consistent prescribers,Not significant,High-High
92A,NHS SURREY HEARTLANDS,9.867228022432954,9.968975420088428,11.387820202363963,0,10.108495132127954,0.1256439499304589,-0.9646842837273992,10.539115438108484,0.409375,320,44,43,233,719,"High prescribing
High retail","Q1
(least
deprived)",9.913449171562576,10.132184259782688,0.0161,0.0025,0.1448,0.271875,5.645259960234321,4.268189211328255,51.29653155984384,-0.4470715571425928,8,7,N7: Affluent retail-only,Not significant,High-High
92G,"NHS BATH AND NORTH EAST SOMERSET, SWINDON AND WILTSHIRE",19.55651346959773,19.57540124416949,22.648865378734023,0,14.3813532513181,0.1588558875219683,-0.4391388400702988,17.27760632688928,0.2809364548494983,299,19,46,234,569,"High prescribing
Low retail","Q1
(least
deprived)",19.97625814880349,14.280570997507462,0.0281,0.0014,0.1594,0.217391304347826,5.606796056302409,14.36946209250108,51.38261349482832,-2.046893331696028,3,0,N0: Consistent prescribers,Not significant,Not significant
93C,NHS NORTH CENTRAL LONDON,5.105917109132129,5.0137718980046575,6.473338198850792,0,25.23694416873449,0.3043089330024814,-0.2546426799007444,16.49694789081886,0.3401759530791788,341,32,52,257,806,"Low prescribing
High retail",Q4,5.664020818425285,25.75402285159448,0.0166,0.0,0.3501,0.2463343108504398,9.559144787720504,-3.895123969295219,51.57703199043114,-0.1385654730654257,11,1,"N1: High provision, high deprivation",Not significant,High-High
97R,NHS EAST SUSSEX,13.38828569247474,13.425032178195933,15.537663914395344,0,21.14680421686747,0.2126234939759036,-0.0466626506024096,21.996960843373493,0.3666666666666666,150,14,27,109,332,"High prescribing
High retail",Q3,13.327140032628336,21.2299366759406,0.0174,0.0205,0.0877,0.2733333333333333,8.488851937622753,4.838288095005582,50.87977991405844,0.2841895292001439,11,11,"N11: Moderate provision, least deprived",Not significant,High-High
99A,NHS LIVERPOOL,15.11481232322097,17.2946931078964,20.273107256471228,0,36.96300993377484,0.3409470198675496,1.2577715231788078,32.760672185430465,0.3458646616541353,133,5,36,92,302,"High prescribing
High retail","Q5
(most
deprived)",6.252462311230181,37.11011540005122,-0.1877,0.0,0.356,0.3082706766917293,12.952599219669606,-6.7001369084394256,53.40620658737538,-2.9386216477540046,9,1,"N1: High provision, high deprivation",Not significant,Not significant
99C,NHS NORTH TYNESIDE,20.027722690924644,19.87341358547908,25.94572544121308,0,21.09434586466165,0.2249022556390977,0.4067142857142857,19.061421052631577,0.2884615384615384,52,1,13,38,133,"High prescribing
High retail",Q3,21.872536003350778,20.93206307478908,0.0828,0.0,0.2827,0.2692307692307692,7.635471844646109,14.23706415870467,55.0218475281585,-1.5066896551770932,3,0,N0: Consistent prescribers,High-High,Not significant
99E,NHS BASILDON AND BRENTWOOD,2.5221565251411664,2.463201883043149,3.705368296994696,0,18.749625,0.202725,-0.2575937499999999,23.04823125,0.2428571428571428,70,3,11,56,160,"Low prescribing
Low retail (double disadvantage)",Q2,2.644358976986858,19.21148173641221,0.0027,0.4846,0.0083,0.2,6.683179230149019,-4.038820253162161,51.6042644589172,0.4141354049893843,6,4,N4: Widespread low provision (deprived),Not significant,Not significant
99F,NHS CASTLE POINT AND ROCHFORD,0.2404674745446504,0.193475859658784,0.7771904645424766,10,14.770118181818182,0.1548181818181818,-0.3836272727272727,23.14622727272728,0.4146341463414634,41,3,11,27,110,"Low prescribing
High retail","Q1
(least
deprived)",0.2938966160459536,14.576085617560953,0.0034,0.0056,0.1228,0.3414634146341463,7.002898197989981,-6.709001581944027,51.56907051740424,0.6238900582473325,8,7,N7: Affluent retail-only,Not significant,High-High
99G,NHS SOUTHEND,0.2117403665681554,0.1873437858947852,0.4255202080307852,0,23.13614814814815,0.243787037037037,0.1543518518518518,22.26904629629629,0.2727272727272727,55,4,7,44,108,"Low prescribing
Low retail (double disadvantage)",Q3,0.2518841622418553,24.02729456447226,0.0004,0.5522,0.006,0.2,8.391133564393547,-8.139249402151691,51.546160072095,0.702923269211196,4,4,N4: Widespread low provision (deprived),Not significant,Not significant
A3A8R,NHS NORTH EAST LONDON,3.362839685632765,3.2774787728683297,4.553691681084262,0,25.959110395584176,0.3305814167433302,0.0209080036798528,18.16773321067157,0.2692307692307692,390,15,75,300,1087,"Low prescribing
Low retail (double disadvantage)",Q4,4.090375407714445,26.334025729893604,0.027,0.0,0.7595,0.2307692307692307,9.034881000484829,-4.944505592770382,51.54838669584037,0.0226154546016678,4,4,N4: Widespread low provision (deprived),Not significant,Not significant
B2M3M,NHS COVENTRY AND WARWICKSHIRE,18.41395835115599,18.490390227765488,20.92894913210316,0,19.85499281867145,0.2128456014362657,0.0853788150807899,21.58005206463196,0.2920353982300885,226,11,44,171,557,"High prescribing
High retail",Q3,17.927350590680728,19.974806516122182,0.006,0.5042,0.0076,0.243362831858407,7.389115292662481,10.538235298018249,52.36289567245071,-1.5265854007684072,3,0,N0: Consistent prescribers,Not significant,Not significant
D2P2L,NHS BLACK COUNTRY,26.263559325075068,26.318273156809585,29.436992025366084,0,29.30066390041494,0.3276832641770401,0.4579017980636238,32.56603042876902,0.2679245283018868,265,5,61,199,723,"High prescribing
Low retail",Q4,27.22501546387353,30.21352724581753,0.0534,0.0,0.3215,0.2490566037735849,10.162340514077224,17.062674949796303,52.54049288222389,-2.058248043961232,7,8,N8: Deprived NHS-dependent,Not significant,Not significant
D9Y0V,"NHS HAMPSHIRE, SOUTHAMPTON AND ISLE OF WIGHT",10.021352837426168,14.133554578495444,17.341669850901333,0,15.660455696202533,0.1710307414104882,-0.3400352622061482,18.26748643761302,0.2904411764705882,544,36,86,422,1106,"High prescribing
High retail","Q1
(least
deprived)",1.959543179056337,15.484260131135624,-0.3024,0.0,0.7465,0.2242647058823529,6.053656363015162,-4.094113183958825,50.98897469493472,-1.2455126848246374,0,5,N5: Widespread low provision (less deprived),Not significant,Not significant
M1J4Y,"NHS BEDFORDSHIRE, LUTON AND MILTON KEYNES",1.3094718906625784,0.5448967971842993,4.425232686009836,0,19.06581090289608,0.2210630323679727,-0.1383952299829642,21.664710391822823,0.2619047619047619,252,12,42,198,587,"Low prescribing
Low retail (double disadvantage)",Q2,0.36647693699799,19.53739896101852,-0.0638,0.0,0.6092,0.2142857142857142,6.965497146907604,-6.599020209909614,52.01973698448001,-0.5681913955461898,0,4,N4: Widespread low provision (deprived),Not significant,Not significant
M2L0M,"NHS SHROPSHIRE, TELFORD AND WREKIN",0.0392202219451078,0.0380849905316228,0.1525451023912623,26,20.379051118210864,0.2089872204472843,0.029479233226837,21.33089456869009,0.2402597402597402,154,4,29,121,313,"Low prescribing
Low retail (double disadvantage)",Q3,0.042481854975778,20.099315749527086,0.0002,0.4148,0.0113,0.2142857142857142,6.918693359567253,-6.876211504591475,52.69091545014184,-2.63293718301384,6,4,N4: Widespread low provision (deprived),Not significant,Not significant
U2G6B,NHS THAMES VALLEY ICB - U2G6B,11.60351179626992,11.43699868760103,13.899920114557704,0,13.79736862745098,0.1758627450980392,-1.051443137254902,15.987698039215685,0.3009708737864077,103,9,13,81,255,"High prescribing
High retail","Q1
(least
deprived)",11.642354160087107,14.314908841431636,0.0009,0.9051,0.0002,0.2135922330097087,5.813077188456212,5.829276971630895,51.46253711130481,-0.6866485102482832,5,0,N0: Consistent prescribers,Not significant,Not significant
W2U3Z,NHS NORTH WEST LONDON,7.530771735090627,7.546255986666186,9.574193993638245,0,23.177793744716823,0.2766508875739645,-0.3951487743026204,15.66181910397295,0.331275720164609,486,43,75,368,1183,"Low prescribing
High retail",Q4,7.684628083846496,23.63546606682153,0.0074,0.0371,0.0716,0.242798353909465,8.849308939330271,-1.164680855483775,51.5207681574227,-0.2572863064341235,11,5,N5: Widespread low provision (less deprived),Not significant,High-High
X2C4Y,NHS KIRKLEES,0.2770594810597771,0.2681727090504552,0.6149574091272807,1,25.34271923076923,0.2641307692307693,0.2646192307692308,24.90119615384616,0.18,100,0,18,82,260,"Low prescribing
Low retail (double disadvantage)",Q4,0.179398695141943,25.80474791340219,-0.0017,0.0519,0.0626,0.18,8.005517825130275,-7.8261191299883315,53.65542328061903,-1.7336300352436222,2,4,N4: Widespread low provision (deprived),Not significant,Not significant
